ORDEN;ITEM;Ingresos Brutos Venta de Productos;Ingresos Brutos Servicios  ;Ingresos Brutos Arrendamientos;TOTAL INGRESOS BRUTOS;Devol. Rebajas. Dtos en Ventas Productos;Devol. Rebajas. Dtos en Ventas Servicios;Devol. Rebajas. Dtos en Arrendamientos;TOTAL DE LAS DEDUCCIONES EN VENTAS;Total Deducciones vs Ingresos Brutos;TOTAL INGRESOS NETOS;Costo de los Productos Vendidos;Otros Costos en la Prestación de Servicios;Costo Prestación de Servicios Arrendam.;TOTAL COSTOS;Costos vs Ingresos Netos;UTILIDAD  BRUTA;Margen Bruto;GASTOS OPERACIONALES;Gastos de Operación;Gastos de Ventas;Gastos de Administración;Total Gastos Operacionales vs Ingresos Netos;EBITDA;Margen EBITDA;      Depreciación;      Amortización ;UTILIDAD OPERACIONAL;Margen Operacional;Gastos No Operacionales;Gastos Financieros;Corrección Monetaria;Ingresos No Operacionales / Otros;UTILIDAD ANTES DE IMPUESTOS;Utilidad Antes de Impuesto vs Ingresos Netos;UTILIDAD NETA;Margen Neto
1;MUY MODERADO;4025493.142;14941057.62;201032.5037;19167583.27;227904.3057;1028950.506;60251.98115;1317106.793;0.068715329;17850476.47;1652481.398;2408537.416;0;4061018.814;0.227501984;13789457.66;0.772498016;11609723.89;5482209.209;2529598.547;3597916.131;0.650387339;2179733.773;0.122110677;230420.6627;151188.335;1798124.776;0.100732593;607400.0403;2269357.99;0;186135.8894;-892497.3654;-0.049998518;-892497.3654;-0.049998518
2;MODERADO;4447388.275;14983689.92;201032.5037;19632110.7;238292.7447;1029790.76;60251.98115;1328335.485;0.067661369;18303775.22;1801936.312;2414512.217;0;4216448.529;0.230359501;14087326.69;0.769640499;11637210.6;5483533.099;2554534.534;3599142.966;0.635781988;2450116.089;0.133858511;230420.6627;151188.335;2068507.091;0.113009861;607400.0403;2263204.101;0;186135.8894;-615961.1613;-0.033652138;-615961.1613;-0.033652138
3;OPTIMISTA;5727635.839;15113256.08;201032.5037;21041924.42;269787.3747;1032197.753;60251.98115;1362237.109;0.064739188;19679687.31;2256061.679;2433085.57;0;4689147.249;0.238273463;14990540.06;0.761726537;11722977.86;5487557.745;2632549.057;3602871.063;0.595689234;3267562.198;0.166037303;230420.6627;151188.335;2885953.201;0.146646293;607400.0403;2245332.666;0;186135.8894;219356.3837;0.011146335;219356.3837;0.011146335